round,random_ratio,random_span,roundrobin_ratio,roundrobin_span,veteran_ratio,veteran_span,ts_noload_ratio,ts_noload_span,ts_load_ratio,ts_load_span,oracle_ratio,oracle_span
1,nan,nan,nan,nan,nan,nan,nan,nan,nan,nan,nan,nan
2,nan,nan,nan,nan,nan,nan,nan,nan,nan,nan,nan,nan
3,nan,nan,nan,nan,nan,nan,nan,nan,nan,nan,nan,nan
4,nan,nan,nan,nan,nan,nan,nan,nan,nan,nan,nan,nan
5,1.6942,42.2185,1.7096,35.3298,1.2761,66.1521,1.6787,44.8393,1.6800,41.9235,1.2299,24.4688
6,1.7253,43.0030,1.7004,36.1440,1.2898,68.0910,1.6587,44.3083,1.6560,41.5091,1.2270,24.4687
7,1.7138,44.2594,1.6918,36.8862,1.2790,67.6069,1.6620,45.5246,1.6457,41.3114,1.2307,25.0681
8,1.6972,45.9468,1.7044,37.1827,1.2658,66.1958,1.6116,42.5669,1.6158,41.1718,1.2285,24.3816
9,1.7239,47.7275,1.7196,36.5230,1.2881,68.1695,1.5686,41.5523,1.5813,39.2540,1.2244,24.3514
10,1.7177,49.7353,1.7158,36.8481,1.2821,67.1509,1.5182,41.9140,1.5250,37.8996,1.2327,24.2317
11,1.7058,47.3362,1.7304,34.1795,1.2832,63.7618,1.4545,38.2066,1.4627,33.8966,1.2247,22.8767
12,1.7389,45.1865,1.7347,34.7444,1.2872,63.5315,1.3614,35.9901,1.3914,33.1817,1.2224,22.7507
13,1.7406,42.4169,1.7402,35.0747,1.2819,62.5321,1.3020,36.4554,1.3396,30.4294,1.2185,22.7854
14,1.7305,39.9121,1.7190,33.6084,1.2799,60.1466,1.2438,33.9463,1.3026,28.3124,1.2207,21.9871
15,1.7506,39.2708,1.7523,31.8972,1.2742,58.6835,1.1958,31.1023,1.2843,25.6541,1.2137,21.2850
16,1.7304,41.0336,1.7333,33.2433,1.2615,61.7340,1.1578,33.2789,1.2661,26.9051,1.2110,22.5131
17,1.7379,42.4501,1.7492,32.9060,1.2658,62.4612,1.1342,32.5173,1.2607,25.7731,1.2125,22.3413
18,1.7453,43.4773,1.7483,31.6610,1.2802,63.2452,1.1232,32.8186,1.2309,25.5672,1.2066,22.5386
19,1.7637,46.3274,1.7577,31.6753,1.2625,62.4057,1.1138,32.7796,1.2122,25.3494,1.2110,22.7715
20,1.7695,45.5368,1.7346,32.8786,1.2761,65.1121,1.0998,34.3382,1.2039,25.9691,1.2064,23.6166
21,1.7724,43.9285,1.7453,32.0182,1.2830,62.4373,1.0861,32.8699,1.2008,24.4051,1.2143,22.5612
22,1.7622,44.3408,1.7296,31.9646,1.2808,62.0469,1.0853,32.6013,1.1978,24.6335,1.2179,22.3751
23,1.7363,42.5969,1.7000,33.7557,1.2679,63.1750,1.0773,32.2214,1.2094,25.3915,1.2239,23.2079
24,1.7118,41.6622,1.6886,34.5520,1.2846,64.3944,1.0655,32.1240,1.2037,25.6513,1.2186,22.9287
25,1.6782,42.8543,1.6896,32.9782,1.2737,62.5106,1.0570,30.0638,1.2018,24.5259,1.2151,21.9462
26,1.6822,43.3081,1.7067,34.8716,1.2616,64.2165,1.0659,31.0531,1.2051,25.3929,1.2156,22.9092
27,1.6809,43.0312,1.7164,36.0508,1.2697,66.3954,1.0629,32.2686,1.1930,26.1391,1.2065,23.5154
28,1.7034,45.1395,1.7391,35.4491,1.2793,65.6594,1.0602,32.1646,1.1846,25.7757,1.1981,23.1764
29,1.7008,43.3480,1.7349,35.3244,1.2709,65.1506,1.0613,32.7663,1.1881,26.3106,1.1964,23.9664
30,1.7256,44.0104,1.7363,36.2125,1.2684,65.7174,1.0640,33.6490,1.1947,26.7882,1.2062,24.4639
31,1.7466,45.1760,1.7303,35.2026,1.2825,63.3948,1.0580,33.1244,1.1946,26.3605,1.2038,23.7585
32,1.7427,45.8789,1.7185,33.5088,1.2868,62.0523,1.0602,32.1335,1.1995,25.2468,1.2062,23.0857
33,1.7326,45.3179,1.7226,34.5297,1.2808,62.6037,1.0640,33.1660,1.2029,25.6108,1.2224,23.5005
34,1.7269,45.0881,1.7521,34.6785,1.2752,60.3981,1.0575,32.4260,1.2087,24.7112,1.2273,22.7367
35,1.7244,43.0908,1.7447,34.9399,1.2772,60.8723,1.0554,32.8791,1.1934,24.7128,1.2153,23.0957
36,1.7327,42.5086,1.7192,35.7439,1.2682,64.9313,1.0529,34.7077,1.1914,26.2227,1.2211,24.7347
37,1.7181,42.4011,1.7241,35.6044,1.2603,64.7078,1.0487,34.6871,1.1865,26.7921,1.2265,25.0883
38,1.7386,42.2842,1.7112,34.7371,1.2650,62.9410,1.0440,33.0498,1.1745,25.9683,1.2088,24.4278
39,1.7321,42.3659,1.7016,35.2994,1.2721,66.5895,1.0392,34.6683,1.1759,27.1323,1.2073,25.4011
40,1.7256,42.7131,1.7037,36.7869,1.2753,66.9071,1.0343,34.5404,1.1883,26.7952,1.2262,25.0683
41,1.7164,43.6655,1.7316,35.3462,1.2775,62.3957,1.0311,31.1215,1.1863,24.6555,1.2226,23.1647
42,1.7500,43.0287,1.7373,35.7989,1.2672,61.8386,1.0344,31.4685,1.1938,24.5530,1.2286,23.2200
43,1.7406,42.7123,1.7539,35.0330,1.2698,62.2132,1.0314,30.9081,1.1998,24.6959,1.2272,22.7754
44,1.7602,42.1984,1.7483,34.8799,1.2641,61.0115,1.0326,30.7628,1.1889,24.2780,1.2341,22.3628
45,1.7647,41.3592,1.7328,34.5503,1.2637,62.3186,1.0386,31.6508,1.1777,25.8385,1.2221,23.3151
46,1.7613,41.5865,1.7393,36.6700,1.2596,64.6674,1.0391,33.7460,1.1818,27.0466,1.2195,24.3226
47,1.7452,41.1761,1.7316,38.3194,1.2714,66.8761,1.0350,34.3057,1.1733,27.0203,1.2194,24.5988
48,1.7437,42.0746,1.7352,39.0919,1.2804,66.4801,1.0391,34.8985,1.1693,27.0625,1.2242,24.9950
49,1.7450,44.4906,1.7308,39.1602,1.2925,67.5614,1.0427,33.9482,1.1675,26.8809,1.2137,24.7834
50,1.7405,45.3661,1.7457,38.0736,1.2839,65.6335,1.0412,32.8286,1.1691,25.5187,1.2078,23.9959
51,1.7363,44.1983,1.7320,37.1218,1.2904,65.6159,1.0387,32.6941,1.1674,26.0215,1.2104,24.1268
52,1.7427,43.6930,1.7305,33.9432,1.2798,63.1926,1.0422,31.7056,1.1725,25.7107,1.2117,23.2084
53,1.7527,43.9916,1.7203,33.7075,1.2660,63.9165,1.0382,32.1071,1.1727,25.4710,1.2155,23.2240
54,1.7536,44.3157,1.7078,33.5951,1.2600,62.3250,1.0368,32.2562,1.1723,25.5875,1.2151,23.5212
55,1.7645,44.0544,1.7063,34.5372,1.2761,65.1253,1.0374,33.2958,1.1750,25.7729,1.2268,23.7563
56,1.7578,44.8348,1.6941,33.3076,1.2663,62.9643,1.0384,32.1770,1.1804,23.7106,1.2321,22.3100
57,1.7551,45.7727,1.6965,35.4236,1.2794,64.6577,1.0388,33.4135,1.1651,24.8225,1.2151,23.5422
58,1.7494,44.8144,1.7053,34.7923,1.2734,63.4359,1.0378,32.8800,1.1726,24.2401,1.2261,22.7262
59,1.7441,44.2148,1.7019,35.1294,1.2766,65.2947,1.0346,33.2812,1.1643,24.8394,1.2240,22.8496
60,1.7299,44.3633,1.6955,34.4918,1.2667,62.8405,1.0343,32.3930,1.1566,24.9867,1.2117,22.6942
61,1.7293,43.9911,1.6941,35.2371,1.2779,65.1018,1.0374,32.6801,1.1486,26.3165,1.1985,23.7287
62,1.7179,46.0071,1.6952,35.1695,1.2796,65.5049,1.0340,32.2831,1.1517,26.0713,1.2071,23.3585
63,1.7297,47.4258,1.6799,34.7427,1.2939,65.1108,1.0332,31.6082,1.1597,26.2660,1.2044,23.3321
64,1.7355,46.3734,1.7003,36.2739,1.2823,65.5104,1.0340,32.3185,1.1708,26.6813,1.2024,24.4437
65,1.7429,46.5624,1.6978,36.8189,1.2893,68.3004,1.0336,33.1472,1.1681,27.7069,1.2082,24.9603
66,1.7329,45.2164,1.7144,36.9792,1.2859,67.4070,1.0338,33.3942,1.1679,27.3557,1.2172,24.6996
67,1.7441,43.5780,1.7060,35.3604,1.2817,65.2560,1.0321,32.7008,1.1755,26.9436,1.2159,24.5239
68,1.6981,41.3702,1.7061,35.4448,1.2703,65.0549,1.0369,33.0740,1.1672,26.9615,1.2102,25.1297
69,1.6969,42.5855,1.7038,33.0936,1.2629,62.3568,1.0365,32.6879,1.1573,26.2255,1.2138,23.8686
70,1.6733,43.5541,1.7184,32.1379,1.2442,57.9601,1.0340,31.6075,1.1711,24.8378,1.2190,22.8720
71,1.6681,45.3323,1.7082,32.0329,1.2468,58.8885,1.0312,31.2443,1.1715,25.0016,1.2246,22.8698
72,1.6484,45.5651,1.7258,32.7869,1.2265,57.2232,1.0313,30.9285,1.1719,24.8971,1.2333,22.7484
73,1.6646,47.2991,1.7352,33.6683,1.2343,59.8936,1.0278,32.2643,1.1610,25.4789,1.2188,23.1290
74,1.6497,46.3556,1.7253,34.3460,1.2380,61.6950,1.0302,32.6444,1.1693,25.1010,1.2299,23.1029
75,1.6689,44.4836,1.7320,35.3676,1.2546,63.6863,1.0305,32.9086,1.1586,25.8156,1.2182,24.1799
76,1.6787,43.5381,1.7429,36.0342,1.2466,63.7059,1.0290,33.6791,1.1565,25.8634,1.2100,24.2850
77,1.6988,43.6766,1.7242,36.8418,1.2641,67.2704,1.0282,35.4110,1.1517,26.3308,1.2010,24.7326
78,1.7180,42.3815,1.7117,37.3853,1.2696,66.8507,1.0316,34.6522,1.1545,26.4319,1.2087,24.6646
79,1.7119,41.4506,1.7146,37.3026,1.2780,66.2693,1.0277,34.0563,1.1420,26.5585,1.1900,24.9377
80,1.7101,42.1333,1.6824,36.0205,1.2765,66.7758,1.0278,34.8671,1.1448,26.5005,1.1965,24.7192
81,1.7029,41.9320,1.6724,34.5908,1.2815,66.0297,1.0322,34.3882,1.1371,26.4527,1.1849,24.6539
82,1.6992,41.0625,1.7006,34.3664,1.2835,64.5989,1.0315,33.2313,1.1360,25.8895,1.1818,24.5380
83,1.6995,41.8943,1.7090,34.4658,1.2763,65.4916,1.0296,33.6951,1.1367,25.8781,1.1883,24.4713
84,1.7146,44.2225,1.7221,34.6994,1.2746,65.5142,1.0353,33.5699,1.1396,25.8643,1.1981,24.1824
85,1.7067,43.8629,1.7478,34.6215,1.2733,64.6422,1.0351,32.4270,1.1309,25.0364,1.1887,23.3834
86,1.7142,43.2819,1.7505,35.1171,1.2735,65.3748,1.0319,31.8972,1.1297,25.1282,1.1975,23.5936
87,1.7265,44.3422,1.7227,34.5383,1.2683,66.1195,1.0311,32.7031,1.1310,25.1838,1.2015,23.4186
88,1.7098,43.3042,1.7378,32.9107,1.2619,61.6472,1.0286,30.8077,1.1329,24.2235,1.1974,22.6188
89,1.7150,41.7561,1.7507,33.9428,1.2692,63.5753,1.0229,31.0519,1.1483,24.5824,1.2005,23.1323
90,1.7211,41.6554,1.7538,34.4183,1.2668,64.3361,1.0237,31.1501,1.1710,24.9253,1.2193,23.5664
91,1.7470,42.7882,1.7493,34.8030,1.2713,62.6275,1.0222,31.7619,1.1819,25.0140,1.2267,23.5786
92,1.7629,42.1806,1.7566,36.6793,1.2688,64.0252,1.0257,31.8537,1.1848,26.0458,1.2276,24.6436
93,1.7678,41.9885,1.7471,37.4829,1.2807,67.1726,1.0240,33.4633,1.1909,26.5983,1.2448,25.3028
94,1.7837,42.2526,1.7019,36.7759,1.2698,66.8541,1.0260,33.8545,1.1854,27.2804,1.2467,25.7079
95,1.8002,41.0710,1.7040,36.6409,1.2703,65.0189,1.0259,33.7784,1.1723,26.9003,1.2419,25.3226
96,1.7780,40.1979,1.7148,36.8458,1.2665,66.6564,1.0259,34.0978,1.1700,26.8007,1.2438,25.0583
97,1.7661,40.8075,1.7121,33.8930,1.2684,62.8236,1.0256,32.1401,1.1655,24.9783,1.2389,23.3196
98,1.7444,40.7226,1.6959,33.1646,1.2594,63.0488,1.0326,32.6655,1.1686,25.0541,1.2286,22.9385
99,1.7492,41.1397,1.7181,32.4069,1.2651,60.6781,1.0326,31.3116,1.1688,23.8390,1.2331,22.1247
100,1.7449,44.2684,1.7004,32.7751,1.2683,62.9333,1.0374,31.7406,1.1726,25.2466,1.2260,23.3557
101,1.7554,46.7362,1.6992,31.7489,1.2597,62.3252,1.0348,31.4616,1.1706,25.2547,1.2193,23.5919
102,1.7519,44.6047,1.7111,32.3761,1.2619,64.4312,1.0351,31.9558,1.1760,25.5519,1.2282,23.6761
103,1.7948,46.3756,1.7122,32.5104,1.2628,63.0568,1.0351,30.2138,1.1606,25.1916,1.2236,23.6562
104,1.7846,46.4854,1.7199,32.2304,1.2595,62.9521,1.0343,30.6488,1.1617,24.8101,1.2143,23.2123
105,1.7901,46.7693,1.7328,31.0325,1.2587,59.4385,1.0298,29.3058,1.1603,22.7018,1.2260,21.4544
106,1.7616,44.6869,1.7336,31.8851,1.2719,59.5603,1.0349,29.7998,1.1570,22.7134,1.2255,21.3667
107,1.7569,46.6002,1.7365,32.8473,1.2610,59.0898,1.0355,31.2956,1.1448,24.0026,1.2121,22.2152
108,1.7318,45.7171,1.7584,33.9275,1.2678,59.8678,1.0324,32.0745,1.1558,24.5281,1.2218,22.6896
109,1.7066,44.6509,1.7559,34.3631,1.2689,60.0609,1.0353,31.3185,1.1497,24.4518,1.2281,22.4766
110,1.6836,43.1238,1.7483,36.0142,1.2704,63.6319,1.0367,32.8146,1.1411,25.8940,1.2210,23.6470
111,1.7201,44.1612,1.7431,35.1549,1.2680,62.5593,1.0361,31.5924,1.1406,25.3773,1.2150,23.3876
112,1.6895,42.8898,1.7436,36.4111,1.2822,62.6580,1.0349,30.1382,1.1467,24.5314,1.2257,22.9682
113,1.6925,44.8511,1.7290,34.7940,1.2772,62.1523,1.0320,28.9630,1.1354,23.8967,1.2045,22.2588
114,1.7259,44.3662,1.7248,35.3533,1.2847,64.3304,1.0299,30.5007,1.1305,25.1747,1.1871,23.4955
115,1.7415,44.0654,1.7197,34.2912,1.2807,63.3943,1.0243,30.3437,1.1315,25.0044,1.1831,23.2219
116,1.7131,43.4272,1.7211,36.4746,1.2773,65.9783,1.0221,32.0209,1.1454,26.0628,1.1961,24.1408
117,1.7230,44.8242,1.6911,34.6529,1.2757,67.7549,1.0205,32.7482,1.1371,26.0791,1.1832,24.4783
118,1.7085,43.2334,1.7032,36.0044,1.2792,68.8910,1.0209,34.0103,1.1433,26.2877,1.1933,24.9432
119,1.6796,42.7464,1.7081,35.2413,1.2681,66.5169,1.0232,33.9126,1.1555,25.8553,1.2026,24.8323
120,1.6863,44.0132,1.7351,34.5959,1.2587,62.5855,1.0239,32.4739,1.1639,24.3747,1.2093,23.5477
121,1.7215,45.9647,1.7318,34.4346,1.2637,62.0539,1.0224,32.1765,1.1634,24.0690,1.2083,23.0806
122,1.7323,46.0016,1.7616,35.0198,1.2580,61.0903,1.0219,32.6504,1.1788,24.5104,1.2173,22.9943
123,1.7512,45.8411,1.7515,34.3557,1.2547,62.2637,1.0247,32.9616,1.1728,25.2815,1.2142,23.1887
124,1.7726,47.9844,1.7517,34.4118,1.2590,63.0834,1.0204,32.6485,1.1649,25.0283,1.2097,22.7450
125,1.7311,47.9616,1.7210,34.5887,1.2778,65.0041,1.0211,33.6019,1.1571,25.4732,1.2017,23.2656
126,1.7008,46.7161,1.7125,33.9378,1.2754,64.7585,1.0257,33.3314,1.1414,25.9682,1.1965,23.7233
127,1.6858,47.2465,1.7125,33.7590,1.2756,63.8932,1.0277,32.8195,1.1349,25.4876,1.1983,23.4729
128,1.6906,46.9552,1.7025,33.4593,1.2638,62.7345,1.0251,33.4438,1.1408,25.3707,1.2023,23.5905
129,1.6852,47.0626,1.6932,33.3882,1.2731,62.6130,1.0247,33.0136,1.1427,25.4982,1.2075,23.5667
130,1.7121,46.1626,1.7015,35.5840,1.2656,65.8574,1.0266,34.0527,1.1336,27.4623,1.2034,25.2658
131,1.7216,45.3587,1.7117,34.2709,1.2675,64.5682,1.0215,33.2154,1.1507,25.8839,1.2081,23.9829
132,1.7407,44.1436,1.7050,33.5690,1.2651,64.4045,1.0188,33.1616,1.1447,25.7123,1.2021,23.6511
133,1.7657,44.5925,1.7170,34.6849,1.2736,65.1849,1.0175,33.3872,1.1421,26.0152,1.1973,23.9375
134,1.7548,44.2684,1.7292,34.9756,1.2635,66.6827,1.0213,33.8581,1.1339,26.1167,1.1944,24.1575
135,1.7654,43.8788,1.7236,33.9452,1.2610,65.6767,1.0199,33.1997,1.1362,24.7712,1.2008,23.2207
136,1.7822,45.4660,1.7320,34.5517,1.2466,66.6428,1.0220,34.8595,1.1247,25.9266,1.2046,24.1167
137,1.7692,46.4766,1.7459,34.8755,1.2449,65.5747,1.0237,34.2671,1.1372,26.0746,1.2083,24.4400
138,1.7667,46.0054,1.7557,34.7286,1.2548,62.4404,1.0228,32.6929,1.1464,24.9104,1.2215,23.5415
139,1.7929,46.1044,1.7555,34.8217,1.2617,61.0070,1.0208,32.7843,1.1539,24.7510,1.2296,23.2362
140,1.7875,47.6700,1.7717,35.8798,1.2685,61.6141,1.0197,33.2882,1.1599,25.5550,1.2244,24.0723
141,1.7751,46.6142,1.7725,35.5506,1.2872,59.9348,1.0204,30.8690,1.1664,24.7127,1.2227,23.2087
142,1.8005,44.3364,1.7340,36.0344,1.2867,60.7290,1.0198,31.8913,1.1610,24.7535,1.2234,23.0821
143,1.7788,45.0420,1.7199,35.6176,1.2878,63.2952,1.0194,32.7173,1.1545,25.3445,1.2145,23.6654
144,1.7633,44.3080,1.7301,34.8590,1.2775,62.5405,1.0197,31.7939,1.1508,25.3343,1.2058,23.7577
145,1.7589,44.0539,1.7256,33.0735,1.2802,61.0215,1.0216,30.2370,1.1517,24.6028,1.2133,22.4212
146,1.7525,43.0562,1.7085,32.6900,1.2768,60.8212,1.0207,30.4696,1.1394,24.5632,1.2014,22.4787
147,1.7408,46.0778,1.7312,32.5825,1.2834,61.3686,1.0218,30.6475,1.1539,24.7856,1.2144,22.8261
148,1.7313,44.7157,1.7548,33.5849,1.2809,62.0159,1.0252,30.4165,1.1585,24.6810,1.2193,22.8338
149,1.7032,44.4553,1.7522,35.5426,1.2905,62.8857,1.0248,30.4961,1.1653,24.2434,1.2163,22.4092
150,1.7168,44.5109,1.7407,36.2385,1.2908,64.3182,1.0232,31.5547,1.1654,24.3702,1.2195,22.6794
